Ref,Val,Package,Mid X,Mid Y,Rotation,Layer
D1,LED_SK6812MINI,LED_SK6812MINI,152.94,-120.9,0,top
D2,~,Diode_DO-35,162.475,-118.785,90,top
D3,~,Diode_DO-35,181.525,-118.785,90,top
D4,~,Diode_DO-35,200.575,-118.785,90,top
D5,~,Diode_DO-35,162.475,-138.695,90,top
D6,~,Diode_DO-35,181.525,-138.695,90,top
D7,~,Diode_DO-35,200.575,-138.695,90,top
S1,~,MX_PCB_1.00u,152.945,-116.19,0,top
S2,~,MX_PCB_1.00u,171.995,-116.19,0,top
S3,~,MX_PCB_1.00u,191.045,-116.18,0,top
S4,~,MX_PCB_1.00u,152.945,-136.1,0,top
S5,~,MX_PCB_1.00u,171.995,-136.1,0,top
S6,~,MX_PCB_1.00u,191.045,-136.1,0,top
U1,MOUDLE-SEEEDUINO-XIAO,XIAO-Generic-Hybrid-14P-2.54-21X17.8MM,191.225,-97.875,90,top